date,region,rainfall_mm,temperature_celsius,humidity_percent,reservoir_level,water_consumption_mld,groundwater_level_m,inflow_mcm,outflow_mcm
2024-01-15,Rajkot,0.0,28.5,45.0,42.3,310.5,18.2,0.8,1.2
2024-01-16,Rajkot,0.0,29.1,43.0,41.8,312.0,18.4,0.7,1.2
2024-01-17,Rajkot,2.5,26.8,58.0,42.1,308.0,18.3,1.1,1.1
2024-01-15,Jamnagar,0.0,27.3,50.0,55.6,180.0,12.5,0.6,0.9
2024-01-16,Jamnagar,0.0,28.0,48.0,55.1,182.0,12.6,0.5,0.9
2024-01-15,Bhavnagar,5.0,26.0,62.0,70.2,220.0,9.8,2.1,1.5
2024-01-16,Bhavnagar,3.2,25.5,65.0,70.8,218.0,9.7,2.3,1.4
2024-01-15,Amreli,0.0,30.0,40.0,35.0,95.0,20.1,0.4,0.7
2024-01-15,Surendranagar,1.0,27.5,55.0,48.5,140.0,15.3,0.9,1.0
2024-01-15,Gondal,0.0,29.0,42.0,60.0,75.0,11.0,0.5,0.6
